Regime,Policy,Drop_Pct,Cost_Pct_OD,P99_Backlog,Had_Loss
Long T_mig,All-On-Demand,0.0,100.0,0.0,0
Long T_mig,EnvelopeController,0.0,67.29552738795999,794.3344633491791,0
Long T_mig,NoticeAware-80,0.0,94.40933333333332,2.6267741762364687,0
Long T_mig,Reactive-80,12.621977053925447,43.999999999999794,2000.0,30
Long T_mig,Static-50,0.07073862576676063,64.99999999999878,1330.91547347553,4
Short T_mig,All-On-Demand,0.0,100.0,0.0,0
Short T_mig,EnvelopeController,0.0,31.512118407067348,1156.7489074111952,0
Short T_mig,NoticeAware-80,0.0,94.40933333333332,2.6267741762364687,0
Short T_mig,Reactive-80,0.0,43.999999999999794,723.038074129514,0
Short T_mig,Static-50,0.0,64.99999999999878,160.13480082659035,0
